<?xml version="1.0" encoding="UTF-8"?>
<software>
    <product>
        <title>Open PIN [unreleased]</title>
        <subtitle>Open PIN is an open source password manager for all major platforms.</subtitle>
        <description>Open PIN is an open source password manager for all major platforms. You can either synchronize your password list with our secure servers or compile the application yourself to run on the server of your choice.</description>
        <thumbnail>OpenPIN/thumbnail.png</thumbnail>
        <icon>OpenPIN/icon.png</icon>
    </product>
</software>