<?xml version="1.0" encoding="UTF-8"?>
<games>
    <product>
        <title>Fizzle [unreleased]</title>
        <subtitle>Fizzle is a bomber arcade multiplayer game for Android and iOS.</subtitle>
        <description>Fizzle is a bomber arcade multiplayer game for Android and iOS. Compete with your friends on different maps, collect new skins and maps and level up your character.</description>
        <thumbnail>Fizzle/thumbnail.png</thumbnail>
        <icon>Fizzle/icon.png</icon>
        <download platform="android">https://github.com/UpturnStudios/Fizzle/releases</download>
        <download platform="github">https://github.com/UpturnStudios/Fizzle</download>
    </product>
</games>